[
  {
    "id": "bitcoin",
    "symbol": "btc",
    "name": "Bitcoin",
    "image": "https://assets.coingecko.com/coins/images/1/large/bitcoin.png?1547033579",
    "current_price": 56600,
    "market_cap": 1069714480946,
    "market_cap_rank": 1,
    "fully_diluted_valuation": 1189253232322,
    "total_volume": 39887193328,
    "high_24h": 58224,
    "low_24h": 55822,
    "price_change_24h": -1624.213037134927,
    "price_change_percentage_24h": -2.78958,
    "market_cap_change_24h": -31986972353.526978,
    "market_cap_change_percentage_24h": -2.90342,
    "circulating_supply": 18889168,
    "total_supply": 21000000,
    "max_supply": 21000000,
    "ath": 69045,
    "ath_change_percentage": -17.97915,
    "ath_date": "2021-11-10T14:24:11.849Z",
    "atl": 67.81,
    "atl_change_percentage": 83415.61931,
    "atl_date": "2013-07-06T00:00:00.000Z",
    "roi": null,
    "last_updated": "2021-12-02T18:01:15.039Z"
  },
  {
    "id": "ethereum",
    "symbol": "eth",
    "name": "Ethereum",
    "image": "https://assets.coingecko.com/coins/images/279/large/ethereum.png?1595348880",
    "current_price": 4502.25,
    "market_cap": 534290263116,
    "market_cap_rank": 2,
    "fully_diluted_valuation": null,
    "total_volume": 24029566174,
    "high_24h": 4687.74,
    "low_24h": 4452.44,
    "price_change_24h": -174.685665054736,
    "price_change_percentage_24h": -3.73505,
    "market_cap_change_24h": -20710519469.003723,
    "market_cap_change_percentage_24h": -3.73162,
    "circulating_supply": 118579044.874,
    "total_supply": null,
    "max_supply": null,
    "ath": 4878.26,
    "ath_change_percentage": -7.63561,
    "ath_date": "2021-11-10T14:24:19.604Z",
    "atl": 0.432979,
    "atl_change_percentage": 1040545.66859,
    "atl_date": "2015-10-20T00:00:00.000Z",
    "roi": {
      "times": 105.40267306133202,
      "currency": "btc",
      "percentage": 10540.267306133203
    },
    "last_updated": "2021-12-02T18:02:15.787Z"
  },
  {
    "id": "binancecoin",
    "symbol": "bnb",
    "name": "Binance Coin",
    "image": "https://assets.coingecko.com/coins/images/825/large/binance-coin-logo.png?1547034615",
    "current_price": 618.82,
    "market_cap": 104046130289,
    "market_cap_rank": 3,
    "fully_diluted_valuation": 104046130289,
    "total_volume": 2515199803,
    "high_24h": 640.23,
    "low_24h": 606.33,
    "price_change_24h": -21.41337839744,
    "price_change_percentage_24h": -3.34463,
    "market_cap_change_24h": -3600381972.350601,
    "market_cap_change_percentage_24h": -3.34463,
    "circulating_supply": 168137035.9,
    "total_supply": 168137035.9,
    "max_supply": 168137035.9,
    "ath": 686.31,
    "ath_change_percentage": -9.80575,
    "ath_date": "2021-05-10T07:24:17.097Z",
    "atl": 0.0398177,
    "atl_change_percentage": 1554507.92633,
    "atl_date": "2017-10-19T00:00:00.000Z",
    "roi": null,
    "last_updated": "2021-12-02T18:02:12.279Z"
  },
  {
    "id": "tether",
    "symbol": "usdt",
    "name": "Tether",
    "image": "https://assets.coingecko.com/coins/images/325/large/Tether-logo.png?1598003707",
    "current_price": 1,
    "market_cap": 75127349497,
    "market_cap_rank": 4,
    "fully_diluted_valuation": null,
    "total_volume": 68820362750,
    "high_24h": 1.01,
    "low_24h": 0.986737,
    "price_change_24h": 0.00293218,
    "price_change_percentage_24h": 0.29397,
    "market_cap_change_24h": 796964318,
    "market_cap_change_percentage_24h": 1.07219,
    "circulating_supply": 75025151943.5406,
    "total_supply": 75025151943.5406,
    "max_supply": null,
    "ath": 1.32,
    "ath_change_percentage": -24.3167,
    "ath_date": "2018-07-24T00:00:00.000Z",
    "atl": 0.572521,
    "atl_change_percentage": 74.90401,
    "atl_date": "2015-03-02T00:00:00.000Z",
    "roi": null,
    "last_updated": "2021-12-02T18:02:49.306Z"
  },
  {
    "id": "solana",
    "symbol": "sol",
    "name": "Solana",
    "image": "https://assets.coingecko.com/coins/images/4128/large/Solana.jpg?1635329178",
    "current_price": 230.7,
    "market_cap": 70515847843,
    "market_cap_rank": 5,
    "fully_diluted_valuation": null,
    "total_volume": 3899521126,
    "high_24h": 235.46,
    "low_24h": 219.85,
    "price_change_24h": 3.41,
    "price_change_percentage_24h": 1.49961,
    "market_cap_change_24h": 706034515,
    "market_cap_change_percentage_24h": 1.01137,
    "circulating_supply": 305642171.93203,
    "total_supply": 508180963.57,
    "max_supply": null,
    "ath": 259.96,
    "ath_change_percentage": -11.25676,
    "ath_date": "2021-11-06T21:54:35.825Z",
    "atl": 0.500801,
    "atl_change_percentage": 45965.43592,
    "atl_date": "2020-05-11T19:35:23.449Z",
    "roi": null,
    "last_updated": "2021-12-02T18:01:12.594Z"
  },
  {
    "id": "cardano",
    "symbol": "ada",
    "name": "Cardano",
    "image": "https://assets.coingecko.com/coins/images/975/large/cardano.png?1547034860",
    "current_price": 1.72,
    "market_cap": 55171708911,
    "market_cap_rank": 6,
    "fully_diluted_valuation": 77424582226,
    "total_volume": 3131408940,
    "high_24h": 1.73,
    "low_24h": 1.52,
    "price_change_24h": 0.130281,
    "price_change_percentage_24h": 8.19239,
    "market_cap_change_24h": 4129444227,
    "market_cap_change_percentage_24h": 8.09024,
    "circulating_supply": 32066390668.4135,
    "total_supply": 45000000000,
    "max_supply": 45000000000,
    "ath": 3.09,
    "ath_change_percentage": -44.24615,
    "ath_date": "2021-09-02T06:00:10.474Z",
    "atl": 0.01925275,
    "atl_change_percentage": 8839.35659,
    "atl_date": "2020-03-13T02:22:55.044Z",
    "roi": null,
    "last_updated": "2021-12-02T18:02:24.494Z"
  },
  {
    "id": "ripple",
    "symbol": "xrp",
    "name": "XRP",
    "image": "https://assets.coingecko.com/coins/images/44/large/xrp-symbol-white-128.png?1605778731",
    "current_price": 0.979633,
    "market_cap": 46287977021,
    "market_cap_rank": 7,
    "fully_diluted_valuation": 98034301573,
    "total_volume": 3201673067,
    "high_24h": 1.01,
    "low_24h": 0.954466,
    "price_change_24h": -0.028194388251,
    "price_change_percentage_24h": -2.79754,
    "market_cap_change_24h": -1312099287.591591,
    "market_cap_change_percentage_24h": -2.75651,
    "circulating_supply": 47216103219,
    "total_supply": 100000000000,
    "max_supply": 100000000000,
    "ath": 3.4,
    "ath_change_percentage": -71.15323,
    "ath_date": "2018-01-07T00:00:00.000Z",
    "atl": 0.00268621,
    "atl_change_percentage": 36395.4428,
    "atl_date": "2014-05-22T00:00:00.000Z",
    "roi": null,
    "last_updated": "2021-12-02T18:02:55.454Z"
  },
  {
    "id": "usd-coin",
    "symbol": "usdc",
    "name": "USD Coin",
    "image": "https://assets.coingecko.com/coins/images/6319/large/USD_Coin_icon.png?1547042389",
    "current_price": 0.999468,
    "market_cap": 39072423824,
    "market_cap_rank": 8,
    "fully_diluted_valuation": null,
    "total_volume": 4432306610,
    "high_24h": 1,
    "low_24h": 0.990529,
    "price_change_24h": 0.00153039,
    "price_change_percentage_24h": 0.15336,
    "market_cap_change_24h": 257757408,
    "market_cap_change_percentage_24h": 0.66407,
    "circulating_supply": 39046554395.5724,
    "total_supply": 39049314941.7851,
    "max_supply": null,
    "ath": 1.17,
    "ath_change_percentage": -14.73546,
    "ath_date": "2019-05-08T00:40:28.300Z",
    "atl": 0.891848,
    "atl_change_percentage": 12.11581,
    "atl_date": "2021-05-19T13:14:05.611Z",
    "roi": null,
    "last_updated": "2021-12-02T18:03:06.561Z"
  },
  {
    "id": "polkadot",
    "symbol": "dot",
    "name": "Polkadot",
    "image": "https://assets.coingecko.com/coins/images/12171/large/aJGBjJFU_400x400.jpg?1597804776",
    "current_price": 36.08,
    "market_cap": 38332354563,
    "market_cap_rank": 9,
    "fully_diluted_valuation": null,
    "total_volume": 994060985,
    "high_24h": 37.69,
    "low_24h": 35.15,
    "price_change_24h": -1.459170053196,
    "price_change_percentage_24h": -3.88757,
    "market_cap_change_24h": -1689617973.0740051,
    "market_cap_change_percentage_24h": -4.22173,
    "circulating_supply": 1061356926.5107,
    "total_supply": 1142306062.68841,
    "max_supply": null,
    "ath": 54.98,
    "ath_change_percentage": -34.38397,
    "ath_date": "2021-11-04T14:10:09.301Z",
    "atl": 2.7,
    "atl_change_percentage": 1237.41932,
    "atl_date": "2020-08-20T05:48:11.359Z",
    "roi": null,
    "last_updated": "2021-12-02T18:00:55.878Z"
  },
  {
    "id": "dogecoin",
    "symbol": "doge",
    "name": "Dogecoin",
    "image": "https://assets.coingecko.com/coins/images/5/large/dogecoin.png?1547792256",
    "current_price": 0.210163,
    "market_cap": 27828918818,
    "market_cap_rank": 10,
    "fully_diluted_valuation": null,
    "total_volume": 1921954445,
    "high_24h": 0.220447,
    "low_24h": 0.202133,
    "price_change_24h": -0.003659882814,
    "price_change_percentage_24h": -1.71164,
    "market_cap_change_24h": -462357528.36421967,
    "market_cap_change_percentage_24h": -1.63428,
    "circulating_supply": 132358930217.212,
    "total_supply": null,
    "max_supply": null,
    "ath": 0.731578,
    "ath_change_percentage": -71.26029,
    "ath_date": "2021-05-08T05:08:23.458Z",
    "atl": 0.0000869,
    "atl_change_percentage": 241838.24836,
    "atl_date": "2015-05-06T00:00:00.000Z",
    "roi": null,
    "last_updated": "2021-12-02T18:01:37.164Z"
  },
  {
    "id": "avalanche-2",
    "symbol": "AVAX",
    "name": "Avalanche",
    "image": "https://assets.coingecko.com/coins/images/12559/large/coin-round-red.png?1604021818",
    "current_price": 112.6,
    "market_cap": 25267860253,
    "market_cap_rank": 11,
    "fully_diluted_valuation": 81232482279,
    "total_volume": 1064877430,
    "high_24h": 125.99,
    "low_24h": 112.32,
    "price_change_24h": -12.596589433703,
    "price_change_percentage_24h": -10.06131,
    "market_cap_change_24h": -3120056237.0331726,
    "market_cap_change_percentage_24h": -10.99079,
    "circulating_supply": 223960401.946151,
    "total_supply": 377752194.4695483,
    "max_supply": 720000000,
    "ath": 144.96,
    "ath_change_percentage": -22.23583,
    "ath_date": "2021-11-21T14:18:56.538Z",
    "atl": 2.8,
    "atl_change_percentage": 3924.46649,
    "atl_date": "2020-12-31T13:15:21.540Z",
    "roi": null,
    "last_updated": "2021-12-02T18:03:26.229Z"
  },
  {
    "id": "terra-luna",
    "symbol": "luna",
    "name": "Terra",
    "image": "https://assets.coingecko.com/coins/images/8284/large/luna1557227471663.png?1567147072",
    "current_price": 63.8,
    "market_cap": 24844018523,
    "market_cap_rank": 12,
    "fully_diluted_valuation": 63918879932,
    "total_volume": 2617900266,
    "high_24h": 65.74,
    "low_24h": 61.27,
    "price_change_24h": 1.49,
    "price_change_percentage_24h": 2.39714,
    "market_cap_change_24h": 459422731,
    "market_cap_change_percentage_24h": 1.88407,
    "circulating_supply": 388680442.300792,
    "total_supply": 865063381.623237,
    "max_supply": 1000000000,
    "ath": 65.74,
    "ath_change_percentage": -2.95815,
    "ath_date": "2021-12-02T15:50:03.093Z",
    "atl": 0.121798,
    "atl_change_percentage": 52278.20388,
    "atl_date": "2020-03-18T17:03:01.083Z",
    "roi": null,
    "last_updated": "2021-12-02T18:00:33.006Z"
  },
  {
    "id": "shiba-inu",
    "symbol": "shib",
    "name": "Shiba Inu",
    "image": "https://assets.coingecko.com/coins/images/11939/large/shiba.png?1622619446",
    "current_price": 0.00004273,
    "market_cap": 23478482836,
    "market_cap_rank": 13,
    "fully_diluted_valuation": null,
    "total_volume": 2444966820,
    "high_24h": 0.00004613,
    "low_24h": 0.00004135,
    "price_change_24h": -0.000003184895,
    "price_change_percentage_24h": -6.93583,
    "market_cap_change_24h": -1898970430.478279,
    "market_cap_change_percentage_24h": -7.4829,
    "circulating_supply": 549151530191063.4,
    "total_supply": 1000000000000000,
    "max_supply": null,
    "ath": 0.00008616,
    "ath_change_percentage": -50.40027,
    "ath_date": "2021-10-28T03:54:55.568Z",
    "atl": 5.6e-11,
    "atl_change_percentage": 75815527.82363,
    "atl_date": "2020-11-28T11:26:25.838Z",
    "roi": null,
    "last_updated": "2021-12-02T17:59:52.457Z"
  },
  {
    "id": "crypto-com-chain",
    "symbol": "cro",
    "name": "Crypto.com Coin",
    "image": "https://assets.coingecko.com/coins/images/7310/large/cypto.png?1547043960",
    "current_price": 0.693441,
    "market_cap": 17550106067,
    "market_cap_rank": 14,
    "fully_diluted_valuation": null,
    "total_volume": 503125161,
    "high_24h": 0.732579,
    "low_24h": 0.692026,
    "price_change_24h": -0.031804796172,
    "price_change_percentage_24h": -4.38538,
    "market_cap_change_24h": -946618427.3423882,
    "market_cap_change_percentage_24h": -5.11776,
    "circulating_supply": 25263013692,
    "total_supply": 30263013692,
    "max_supply": null,
    "ath": 0.965407,
    "ath_change_percentage": -28.17113,
    "ath_date": "2021-11-24T15:53:54.855Z",
    "atl": 0.0121196,
    "atl_change_percentage": 5621.65073,
    "atl_date": "2019-02-08T00:00:00.000Z",
    "roi": null,
    "last_updated": "2021-12-02T18:00:43.542Z"
  },
  {
    "id": "wrapped-bitcoin",
    "symbol": "wbtc",
    "name": "Wrapped Bitcoin",
    "image": "https://assets.coingecko.com/coins/images/7598/large/wrapped_bitcoin_wbtc.png?1548822744",
    "current_price": 56518,
    "market_cap": 14346690280,
    "market_cap_rank": 15,
    "fully_diluted_valuation": 14346690280,
    "total_volume": 502845618,
    "high_24h": 58223,
    "low_24h": 55809,
    "price_change_24h": -1704.893690486868,
    "price_change_percentage_24h": -2.9282,
    "market_cap_change_24h": -482432779.7759609,
    "market_cap_change_percentage_24h": -3.25328,
    "circulating_supply": 253876.00154107,
    "total_supply": 253876.00154107,
    "max_supply": 253876.00154107,
    "ath": 70643,
    "ath_change_percentage": -19.9513,
    "ath_date": "2021-11-10T14:40:19.650Z",
    "atl": 3139.17,
    "atl_change_percentage": 1701.40198,
    "atl_date": "2019-04-02T00:00:00.000Z",
    "roi": null,
    "last_updated": "2021-12-02T18:02:58.484Z"
  },
  {
    "id": "litecoin",
    "symbol": "ltc",
    "name": "Litecoin",
    "image": "https://assets.coingecko.com/coins/images/2/large/litecoin.png?1547033580",
    "current_price": 205.69,
    "market_cap": 14210980706,
    "market_cap_rank": 16,
    "fully_diluted_valuation": 17275223130,
    "total_volume": 1309628619,
    "high_24h": 212.77,
    "low_24h": 201.15,
    "price_change_24h": -7.07937269801,
    "price_change_percentage_24h": -3.32728,
    "market_cap_change_24h": -484897438.0908203,
    "market_cap_change_percentage_24h": -3.29955,
    "circulating_supply": 69100258.2334713,
    "total_supply": 84000000,
    "max_supply": 84000000,
    "ath": 410.26,
    "ath_change_percentage": -49.8718,
    "ath_date": "2021-05-10T03:13:07.904Z",
    "atl": 1.15,
    "atl_change_percentage": 17801.13923,
    "atl_date": "2015-01-14T00:00:00.000Z",
    "roi": null,
    "last_updated": "2021-12-02T18:00:37.602Z"
  },
  {
    "id": "matic-network",
    "symbol": "matic",
    "name": "Polygon",
    "image": "https://assets.coingecko.com/coins/images/4713/large/matic-token-icon.png?1624446912",
    "current_price": 2.06,
    "market_cap": 14156638485,
    "market_cap_rank": 17,
    "fully_diluted_valuation": 20597795318,
    "total_volume": 3152780301,
    "high_24h": 2.19,
    "low_24h": 1.94,
    "price_change_24h": 0.072353,
    "price_change_percentage_24h": 3.63352,
    "market_cap_change_24h": 348074244,
    "market_cap_change_percentage_24h": 2.52071,
    "circulating_supply": 6872890164.27,
    "total_supply": 10000000000,
    "max_supply": 10000000000,
    "ath": 2.62,
    "ath_change_percentage": -21.16974,
    "ath_date": "2021-05-18T19:38:18.813Z",
    "atl": 0.00314376,
    "atl_change_percentage": 65607.57151,
    "atl_date": "2019-05-10T00:00:00.000Z",
    "roi": {
      "times": 783.644685452208,
      "currency": "usd",
      "percentage": 78364.46854522079
    },
    "last_updated": "2021-12-02T18:02:47.041Z"
  },
  {
    "id": "binance-usd",
    "symbol": "busd",
    "name": "Binance USD",
    "image": "https://assets.coingecko.com/coins/images/9576/large/BUSD.png?1568947766",
    "current_price": 1,
    "market_cap": 13678155439,
    "market_cap_rank": 18,
    "fully_diluted_valuation": null,
    "total_volume": 6187587944,
    "high_24h": 1.01,
    "low_24h": 0.990219,
    "price_change_24h": 0.00299393,
    "price_change_percentage_24h": 0.30014,
    "market_cap_change_24h": 101408770,
    "market_cap_change_percentage_24h": 0.74693,
    "circulating_supply": 13656822031.39,
    "total_supply": 13656822031.39,
    "max_supply": null,
    "ath": 1.15,
    "ath_change_percentage": -13.31648,
    "ath_date": "2020-03-13T02:35:42.953Z",
    "atl": 0.901127,
    "atl_change_percentage": 11.02813,
    "atl_date": "2021-05-19T13:04:37.445Z",
    "roi": null,
    "last_updated": "2021-12-02T18:01:39.943Z"
  },
  {
    "id": "algorand",
    "symbol": "algo",
    "name": "Algorand",
    "image": "https://assets.coingecko.com/coins/images/4380/large/download.png?1547039725",
    "current_price": 1.9,
    "market_cap": 11888181063,
    "market_cap_rank": 19,
    "fully_diluted_valuation": 18905844334,
    "total_volume": 598254523,
    "high_24h": 2.02,
    "low_24h": 1.85,
    "price_change_24h": -0.093180969008,
    "price_change_percentage_24h": -4.6828,
    "market_cap_change_24h": -736654288.621994,
    "market_cap_change_percentage_24h": -5.83496,
    "circulating_supply": 6288098459.62265,
    "total_supply": 6740642704.72479,
    "max_supply": 10000000000,
    "ath": 3.56,
    "ath_change_percentage": -46.73988,
    "ath_date": "2019-06-20T14:51:19.480Z",
    "atl": 0.105336,
    "atl_change_percentage": 1700.60348,
    "atl_date": "2020-03-13T02:20:48.438Z",
    "roi": {
      "times": -0.2097188159399675,
      "currency": "usd",
      "percentage": -20.97188159399675
    },
    "last_updated": "2021-12-02T18:00:41.369Z"
  },
  {
    "id": "chainlink",
    "symbol": "link",
    "name": "Chainlink",
    "image": "https://assets.coingecko.com/coins/images/877/large/chainlink-new-logo.png?1547034700",
    "current_price": 24.88,
    "market_cap": 11621171173,
    "market_cap_rank": 20,
    "fully_diluted_valuation": 24884225763,
    "total_volume": 798046470,
    "high_24h": 26.37,
    "low_24h": 24.31,
    "price_change_24h": -1.471944265519,
    "price_change_percentage_24h": -5.58482,
    "market_cap_change_24h": -695142619.9246864,
    "market_cap_change_percentage_24h": -5.64408,
    "circulating_supply": 467009553.9174637,
    "total_supply": 1000000000,
    "max_supply": 1000000000,
    "ath": 52.7,
    "ath_change_percentage": -52.77812,
    "ath_date": "2021-05-10T00:13:57.214Z",
    "atl": 0.148183,
    "atl_change_percentage": 16692.94666,
    "atl_date": "2017-11-29T00:00:00.000Z",
    "roi": null,
    "last_updated": "2021-12-02T18:00:21.605Z"
  },
  {
    "id": "bitcoin-cash",
    "symbol": "bch",
    "name": "Bitcoin Cash",
    "image": "https://assets.coingecko.com/coins/images/780/large/bitcoin-cash-circle.png?1594689492",
    "current_price": 565.22,
    "market_cap": 10696794897,
    "market_cap_rank": 21,
    "fully_diluted_valuation": 11874858690,
    "total_volume": 2487335808,
    "high_24h": 580.51,
    "low_24h": 558.62,
    "price_change_24h": -15.122894710784,
    "price_change_percentage_24h": -2.60583,
    "market_cap_change_24h": -291932562.4924469,
    "market_cap_change_percentage_24h": -2.65665,
    "circulating_supply": 18916662.3966528,
    "total_supply": 21000000,
    "max_supply": 21000000,
    "ath": 3785.82,
    "ath_change_percentage": -85.06349,
    "ath_date": "2017-12-20T00:00:00.000Z",
    "atl": 76.93,
    "atl_change_percentage": 634.99834,
    "atl_date": "2018-12-16T00:00:00.000Z",
    "roi": null,
    "last_updated": "2021-12-02T18:02:16.506Z"
  },
  {
    "id": "uniswap",
    "symbol": "uni",
    "name": "Uniswap",
    "image": "https://assets.coingecko.com/coins/images/12504/large/uniswap-uni.png?1600306604",
    "current_price": 22.48,
    "market_cap": 10196765634,
    "market_cap_rank": 22,
    "fully_diluted_valuation": 22512165227,
    "total_volume": 530884679,
    "high_24h": 22.92,
    "low_24h": 20.62,
    "price_change_24h": 0.846665,
    "price_change_percentage_24h": 3.9142,
    "market_cap_change_24h": 412627634,
    "market_cap_change_percentage_24h": 4.21731,
    "circulating_supply": 452944687.05370855,
    "total_supply": 1000000000,
    "max_supply": 1000000000,
    "ath": 44.92,
    "ath_change_percentage": -49.95778,
    "ath_date": "2021-05-03T05:25:04.822Z",
    "atl": 1.03,
    "atl_change_percentage": 2081.96735,
    "atl_date": "2020-09-17T01:20:38.214Z",
    "roi": null,
    "last_updated": "2021-12-02T18:02:14.660Z"
  },
  {
    "id": "dai",
    "symbol": "dai",
    "name": "Dai",
    "image": "https://assets.coingecko.com/coins/images/9956/large/4943.png?1636636734",
    "current_price": 1,
    "market_cap": 8902616593,
    "market_cap_rank": 23,
    "fully_diluted_valuation": 8902616593,
    "total_volume": 732534252,
    "high_24h": 1.01,
    "low_24h": 0.99075,
    "price_change_24h": 0.00102971,
    "price_change_percentage_24h": 0.10306,
    "market_cap_change_24h": 28988154,
    "market_cap_change_percentage_24h": 0.32668,
    "circulating_supply": 8898309412.21474,
    "total_supply": 8898309412.21474,
    "max_supply": 8898309412.21474,
    "ath": 1.22,
    "ath_change_percentage": -17.86491,
    "ath_date": "2020-03-13T03:02:50.373Z",
    "atl": 0.903243,
    "atl_change_percentage": 10.84166,
    "atl_date": "2019-11-25T00:04:18.137Z",
    "roi": null,
    "last_updated": "2021-12-02T18:03:04.499Z"
  },
  {
    "id": "axie-infinity",
    "symbol": "axs",
    "name": "Axie Infinity",
    "image": "https://assets.coingecko.com/coins/images/13029/large/axie_infinity_logo.png?1604471082",
    "current_price": 133.92,
    "market_cap": 8819511027,
    "market_cap_rank": 24,
    "fully_diluted_valuation": 36152124277,
    "total_volume": 279834685,
    "high_24h": 139.39,
    "low_24h": 131.39,
    "price_change_24h": -5.068672310306,
    "price_change_percentage_24h": -3.64691,
    "market_cap_change_24h": -377852138.93128586,
    "market_cap_change_percentage_24h": -4.10827,
    "circulating_supply": 65867995.99808932,
    "total_supply": 270000000,
    "max_supply": 270000000,
    "ath": 164.9,
    "ath_change_percentage": -18.788,
    "ath_date": "2021-11-06T19:29:29.482Z",
    "atl": 0.123718,
    "atl_change_percentage": 108143.39909,
    "atl_date": "2020-11-06T08:05:43.662Z",
    "roi": null,
    "last_updated": "2021-12-02T18:00:24.592Z"
  },
  {
    "id": "stellar",
    "symbol": "xlm",
    "name": "Stellar",
    "image": "https://assets.coingecko.com/coins/images/100/large/Stellar_symbol_black_RGB.png?1552356157",
    "current_price": 0.333091,
    "market_cap": 8109023561,
    "market_cap_rank": 25,
    "fully_diluted_valuation": 16648627790,
    "total_volume": 398690045,
    "high_24h": 0.33624,
    "low_24h": 0.317162,
    "price_change_24h": -0.00314961224,
    "price_change_percentage_24h": -0.93671,
    "market_cap_change_24h": -84073167.2156372,
    "market_cap_change_percentage_24h": -1.02615,
    "circulating_supply": 24354307141.4854,
    "total_supply": 50001802514.5721,
    "max_supply": 50001802514.5721,
    "ath": 0.875563,
    "ath_change_percentage": -61.97183,
    "ath_date": "2018-01-03T00:00:00.000Z",
    "atl": 0.00047612,
    "atl_change_percentage": 69831.56777,
    "atl_date": "2015-03-05T00:00:00.000Z",
    "roi": null,
    "last_updated": "2021-12-02T18:02:33.095Z"
  },
  {
    "id": "vechain",
    "symbol": "vet",
    "name": "VeChain",
    "image": "https://assets.coingecko.com/coins/images/1167/large/VeChain-Logo-768x725.png?1547035194",
    "current_price": 0.117103,
    "market_cap": 7824873392,
    "market_cap_rank": 26,
    "fully_diluted_valuation": null,
    "total_volume": 446166512,
    "high_24h": 0.12482,
    "low_24h": 0.114155,
    "price_change_24h": -0.007506900833,
    "price_change_percentage_24h": -6.02434,
    "market_cap_change_24h": -515041240.73744583,
    "market_cap_change_percentage_24h": -6.17562,
    "circulating_supply": 66760741299,
    "total_supply": 86712634466,
    "max_supply": null,
    "ath": 0.280991,
    "ath_change_percentage": -58.28775,
    "ath_date": "2021-04-19T01:08:21.675Z",
    "atl": 0.00191713,
    "atl_change_percentage": 6013.69611,
    "atl_date": "2020-03-13T02:29:59.652Z",
    "roi": {
      "times": 8.103432860739382,
      "currency": "eth",
      "percentage": 810.3432860739381
    },
    "last_updated": "2021-12-02T18:03:00.341Z"
  },
  {
    "id": "terrausd",
    "symbol": "ust",
    "name": "TerraUSD",
    "image": "https://assets.coingecko.com/coins/images/12681/large/UST.png?1601612407",
    "current_price": 1,
    "market_cap": 7752577937,
    "market_cap_rank": 27,
    "fully_diluted_valuation": null,
    "total_volume": 189259698,
    "high_24h": 1.01,
    "low_24h": 0.987737,
    "price_change_24h": -0.004637613656,
    "price_change_percentage_24h": -0.46008,
    "market_cap_change_24h": 52676663,
    "market_cap_change_percentage_24h": 0.68412,
    "circulating_supply": 7724300927.38828,
    "total_supply": 7723782539.20435,
    "max_supply": null,
    "ath": 1.09,
    "ath_change_percentage": -8.10914,
    "ath_date": "2021-01-11T22:30:57.984Z",
    "atl": 0.857992,
    "atl_change_percentage": 16.94312,
    "atl_date": "2021-05-19T13:14:26.898Z",
    "roi": null,
    "last_updated": "2021-12-02T18:00:51.965Z"
  },
  {
    "id": "cosmos",
    "symbol": "atom",
    "name": "Cosmos",
    "image": "https://assets.coingecko.com/coins/images/1481/large/cosmos_hub.png?1555657960",
    "current_price": 26.68,
    "market_cap": 7558002134,
    "market_cap_rank": 28,
    "fully_diluted_valuation": null,
    "total_volume": 372488264,
    "high_24h": 27.72,
    "low_24h": 25.74,
    "price_change_24h": -1.045183881802,
    "price_change_percentage_24h": -3.77039,
    "market_cap_change_24h": -273312889.79768467,
    "market_cap_change_percentage_24h": -3.49,
    "circulating_supply": 283329696.667525,
    "total_supply": null,
    "max_supply": null,
    "ath": 44.42,
    "ath_change_percentage": -39.94605,
    "ath_date": "2021-09-20T00:05:25.062Z",
    "atl": 1.16,
    "atl_change_percentage": 2199.5231,
    "atl_date": "2020-03-13T02:27:44.591Z",
    "roi": {
      "times": 265.7564403982189,
      "currency": "usd",
      "percentage": 26575.64403982189
    },
    "last_updated": "2021-12-02T18:00:49.353Z"
  },
  {
    "id": "internet-computer",
    "symbol": "icp",
    "name": "Internet Computer",
    "image": "https://assets.coingecko.com/coins/images/14495/large/Internet_Computer_logo.png?1620703073",
    "current_price": 40.21,
    "market_cap": 7396660310,
    "market_cap_rank": 29,
    "fully_diluted_valuation": 18904915184,
    "total_volume": 208335225,
    "high_24h": 42.33,
    "low_24h": 39.75,
    "price_change_24h": -1.78204580544,
    "price_change_percentage_24h": -4.244,
    "market_cap_change_24h": -330582448.394928,
    "market_cap_change_percentage_24h": -4.27814,
    "circulating_supply": 183582649.9,
    "total_supply": 469213710,
    "max_supply": 469213710,
    "ath": 700.65,
    "ath_change_percentage": -94.24756,
    "ath_date": "2021-05-10T16:05:53.653Z",
    "atl": 27.44,
    "atl_change_percentage": 46.90065,
    "atl_date": "2021-07-20T10:14:50.919Z",
    "roi": null,
    "last_updated": "2021-12-02T18:02:03.949Z"
  },
  {
    "id": "elrond-erd-2",
    "symbol": "egld",
    "name": "Elrond",
    "image": "https://assets.coingecko.com/coins/images/12335/large/elrond3_360.png?1626341589",
    "current_price": 362.46,
    "market_cap": 7304760313,
    "market_cap_rank": 30,
    "fully_diluted_valuation": null,
    "total_volume": 780324015,
    "high_24h": 425.62,
    "low_24h": 358.53,
    "price_change_24h": -33.129953336502,
    "price_change_percentage_24h": -8.37478,
    "market_cap_change_24h": -649291903.1338644,
    "market_cap_change_percentage_24h": -8.16303,
    "circulating_supply": 20159439,
    "total_supply": 20397843,
    "max_supply": null,
    "ath": 545.64,
    "ath_change_percentage": -33.55183,
    "ath_date": "2021-11-23T10:33:26.737Z",
    "atl": 6.51,
    "atl_change_percentage": 5472.25046,
    "atl_date": "2020-10-07T01:44:53.554Z",
    "roi": null,
    "last_updated": "2021-12-02T18:03:25.249Z"
  },
  {
    "id": "okb",
    "symbol": "okb",
    "name": "OKB",
    "image": "https://assets.coingecko.com/coins/images/4463/large/okb_token.png?1548386209",
    "current_price": 27.54,
    "market_cap": 7301793720,
    "market_cap_rank": 31,
    "fully_diluted_valuation": null,
    "total_volume": 679473681,
    "high_24h": 27.92,
    "low_24h": 24.94,
    "price_change_24h": 2.09,
    "price_change_percentage_24h": 8.20883,
    "market_cap_change_24h": 522885072,
    "market_cap_change_percentage_24h": 7.71341,
    "circulating_supply": 265115438.19,
    "total_supply": 300000000,
    "max_supply": null,
    "ath": 44.01,
    "ath_change_percentage": -37.40548,
    "ath_date": "2021-05-03T01:03:16.108Z",
    "atl": 0.580608,
    "atl_change_percentage": 4644.14893,
    "atl_date": "2019-01-14T00:00:00.000Z",
    "roi": null,
    "last_updated": "2021-12-02T18:00:36.429Z"
  },
  {
    "id": "compound-ether",
    "symbol": "ceth",
    "name": "cETH",
    "image": "https://assets.coingecko.com/coins/images/10643/large/ceth2.JPG?1581389598",
    "current_price": 90.18,
    "market_cap": 7219708720,
    "market_cap_rank": 32,
    "fully_diluted_valuation": null,
    "total_volume": 20219483,
    "high_24h": 94.44,
    "low_24h": 89.66,
    "price_change_24h": -4.134361588129,
    "price_change_percentage_24h": -4.38367,
    "market_cap_change_24h": -331988478.90590477,
    "market_cap_change_percentage_24h": -4.39621,
    "circulating_supply": 79980592.5678267,
    "total_supply": 79980592.5678267,
    "max_supply": null,
    "ath": 97.75,
    "ath_change_percentage": -7.74641,
    "ath_date": "2021-11-21T12:39:57.508Z",
    "atl": 1.89,
    "atl_change_percentage": 4680.73284,
    "atl_date": "2020-03-13T02:22:33.711Z",
    "roi": null,
    "last_updated": "2021-12-02T17:59:29.164Z"
  },
  {
    "id": "filecoin",
    "symbol": "fil",
    "name": "Filecoin",
    "image": "https://assets.coingecko.com/coins/images/12817/large/filecoin.png?1602753933",
    "current_price": 53.74,
    "market_cap": 7011323994,
    "market_cap_rank": 33,
    "fully_diluted_valuation": 105920698371,
    "total_volume": 482069616,
    "high_24h": 55.03,
    "low_24h": 52.64,
    "price_change_24h": -1.257582413702,
    "price_change_percentage_24h": -2.28651,
    "market_cap_change_24h": -180795271.55588055,
    "market_cap_change_percentage_24h": -2.5138,
    "circulating_supply": 130474942,
    "total_supply": 1971096613,
    "max_supply": 1971096613,
    "ath": 236.84,
    "ath_change_percentage": -77.29294,
    "ath_date": "2021-04-01T13:29:41.564Z",
    "atl": 20.06,
    "atl_change_percentage": 168.09851,
    "atl_date": "2020-12-29T22:32:28.483Z",
    "roi": null,
    "last_updated": "2021-12-02T18:03:24.421Z"
  },
  {
    "id": "tron",
    "symbol": "trx",
    "name": "TRON",
    "image": "https://assets.coingecko.com/coins/images/1094/large/tron-logo.png?1547035066",
    "current_price": 0.097493,
    "market_cap": 6986399998,
    "market_cap_rank": 34,
    "fully_diluted_valuation": null,
    "total_volume": 1892464378,
    "high_24h": 0.099833,
    "low_24h": 0.095118,
    "price_change_24h": -0.002339904908,
    "price_change_percentage_24h": -2.34381,
    "market_cap_change_24h": -173339539.0334282,
    "market_cap_change_percentage_24h": -2.42103,
    "circulating_supply": 71660220128,
    "total_supply": 100850743812,
    "max_supply": null,
    "ath": 0.231673,
    "ath_change_percentage": -57.89146,
    "ath_date": "2018-01-05T00:00:00.000Z",
    "atl": 0.00180434,
    "atl_change_percentage": 5306.62692,
    "atl_date": "2017-11-12T00:00:00.000Z",
    "roi": {
      "times": 50.312326755783374,
      "currency": "usd",
      "percentage": 5031.232675578337
    },
    "last_updated": "2021-12-02T18:01:06.013Z"
  },
  {
    "id": "ftx-token",
    "symbol": "ftt",
    "name": "FTX Token",
    "image": "https://assets.coingecko.com/coins/images/9026/large/F.png?1609051564",
    "current_price": 49.23,
    "market_cap": 6852329237,
    "market_cap_rank": 35,
    "fully_diluted_valuation": 16476301919,
    "total_volume": 251813578,
    "high_24h": 50.94,
    "low_24h": 48.27,
    "price_change_24h": -1.459628112923,
    "price_change_percentage_24h": -2.87961,
    "market_cap_change_24h": -261624830.89723587,
    "market_cap_change_percentage_24h": -3.67763,
    "circulating_supply": 139460202.41874424,
    "total_supply": 335329538.485972,
    "max_supply": 335329538.485972,
    "ath": 84.18,
    "ath_change_percentage": -41.52061,
    "ath_date": "2021-09-09T16:59:43.151Z",
    "atl": 1.15,
    "atl_change_percentage": 4181.86631,
    "atl_date": "2019-09-06T00:00:00.000Z",
    "roi": null,
    "last_updated": "2021-12-02T18:01:07.493Z"
  },
  {
    "id": "staked-ether",
    "symbol": "steth",
    "name": "Lido Staked Ether",
    "image": "https://assets.coingecko.com/coins/images/13442/large/steth_logo.png?1608607546",
    "current_price": 4461.81,
    "market_cap": 6794168576,
    "market_cap_rank": 36,
    "fully_diluted_valuation": 6794168576,
    "total_volume": 7341401,
    "high_24h": 4647.63,
    "low_24h": 4438.72,
    "price_change_24h": -185.816264818274,
    "price_change_percentage_24h": -3.99809,
    "market_cap_change_24h": -290815942.7150459,
    "market_cap_change_percentage_24h": -4.10468,
    "circulating_supply": 1519610.48496462,
    "total_supply": 1519610.48496462,
    "max_supply": 1519610.48496462,
    "ath": 4829.57,
    "ath_change_percentage": -7.61466,
    "ath_date": "2021-11-10T14:40:47.256Z",
    "atl": 482.9,
    "atl_change_percentage": 823.9698,
    "atl_date": "2020-12-22T04:08:21.854Z",
    "roi": null,
    "last_updated": "2021-12-02T18:02:43.655Z"
  },
  {
    "id": "theta-token",
    "symbol": "theta",
    "name": "Theta Network",
    "image": "https://assets.coingecko.com/coins/images/2538/large/theta-token-logo.png?1548387191",
    "current_price": 6.39,
    "market_cap": 6407236065,
    "market_cap_rank": 37,
    "fully_diluted_valuation": null,
    "total_volume": 201670776,
    "high_24h": 6.72,
    "low_24h": 6.27,
    "price_change_24h": -0.327457164039,
    "price_change_percentage_24h": -4.87439,
    "market_cap_change_24h": -382489843.99162865,
    "market_cap_change_percentage_24h": -5.63336,
    "circulating_supply": 1000000000,
    "total_supply": 1000000000,
    "max_supply": null,
    "ath": 15.72,
    "ath_change_percentage": -59.2803,
    "ath_date": "2021-04-16T13:15:11.190Z",
    "atl": 0.04039979,
    "atl_change_percentage": 15744.19641,
    "atl_date": "2020-03-13T02:24:16.483Z",
    "roi": {
      "times": 41.60298593414145,
      "currency": "usd",
      "percentage": 4160.298593414145
    },
    "last_updated": "2021-12-02T18:03:25.771Z"
  },
  {
    "id": "hedera-hashgraph",
    "symbol": "hbar",
    "name": "Hedera",
    "image": "https://assets.coingecko.com/coins/images/3688/large/hbar.png?1637045634",
    "current_price": 0.342754,
    "market_cap": 6259849853,
    "market_cap_rank": 38,
    "fully_diluted_valuation": null,
    "total_volume": 60681239,
    "high_24h": 0.359962,
    "low_24h": 0.334945,
    "price_change_24h": -0.017208110515,
    "price_change_percentage_24h": -4.78053,
    "market_cap_change_24h": -380617536.6821995,
    "market_cap_change_percentage_24h": -5.73179,
    "circulating_supply": 18262622674,
    "total_supply": 50000000000,
    "max_supply": null,
    "ath": 0.569229,
    "ath_change_percentage": -39.78621,
    "ath_date": "2021-09-15T10:40:28.318Z",
    "atl": 0.00986111,
    "atl_change_percentage": 3375.81865,
    "atl_date": "2020-01-02T17:30:24.852Z",
    "roi": null,
    "last_updated": "2021-12-02T18:00:30.989Z"
  },
  {
    "id": "ethereum-classic",
    "symbol": "etc",
    "name": "Ethereum Classic",
    "image": "https://assets.coingecko.com/coins/images/453/large/ethereum-classic-logo.png?1547034169",
    "current_price": 47.36,
    "market_cap": 6217602680,
    "market_cap_rank": 39,
    "fully_diluted_valuation": 9972213244,
    "total_volume": 1187993020,
    "high_24h": 48.58,
    "low_24h": 46.56,
    "price_change_24h": -1.221723432491,
    "price_change_percentage_24h": -2.51463,
    "market_cap_change_24h": -145871771.14900208,
    "market_cap_change_percentage_24h": -2.29233,
    "circulating_supply": 131369922.865937,
    "total_supply": 210700000,
    "max_supply": 210700000,
    "ath": 167.09,
    "ath_change_percentage": -71.67378,
    "ath_date": "2021-05-06T18:34:22.133Z",
    "atl": 0.615038,
    "atl_change_percentage": 7595.29143,
    "atl_date": "2016-07-25T00:00:00.000Z",
    "roi": {
      "times": 104.25076364347468,
      "currency": "usd",
      "percentage": 10425.07636434747
    },
    "last_updated": "2021-12-02T18:01:50.044Z"
  },
  {
    "id": "the-sandbox",
    "symbol": "sand",
    "name": "The Sandbox",
    "image": "https://assets.coingecko.com/coins/images/12129/large/sandbox_logo.jpg?1597397942",
    "current_price": 6.49,
    "market_cap": 5908287293,
    "market_cap_rank": 40,
    "fully_diluted_valuation": 19408636409,
    "total_volume": 1711636287,
    "high_24h": 6.79,
    "low_24h": 6.04,
    "price_change_24h": -0.189483744528,
    "price_change_percentage_24h": -2.83729,
    "market_cap_change_24h": -142205620.8728943,
    "market_cap_change_percentage_24h": -2.35031,
    "circulating_supply": 913246119.2233225,
    "total_supply": 3000000000,
    "max_supply": 3000000000,
    "ath": 8.4,
    "ath_change_percentage": -22.72229,
    "ath_date": "2021-11-25T06:04:40.957Z",
    "atl": 0.02897764,
    "atl_change_percentage": 22292.6157,
    "atl_date": "2020-11-04T15:59:14.441Z",
    "roi": null,
    "last_updated": "2021-12-02T18:00:49.368Z"
  },
  {
    "id": "decentraland",
    "symbol": "mana",
    "name": "Decentraland",
    "image": "https://assets.coingecko.com/coins/images/878/large/decentraland-mana.png?1550108745",
    "current_price": 4.4,
    "market_cap": 5841976576,
    "market_cap_rank": 41,
    "fully_diluted_valuation": 9656024866,
    "total_volume": 1502988115,
    "high_24h": 4.77,
    "low_24h": 4.26,
    "price_change_24h": -0.370474368425,
    "price_change_percentage_24h": -7.75985,
    "market_cap_change_24h": -501950645.4733257,
    "market_cap_change_percentage_24h": -7.9123,
    "circulating_supply": 1327372145.9864838,
    "total_supply": 2193972927.32015,
    "max_supply": 2193972927.32015,
    "ath": 5.85,
    "ath_change_percentage": -24.77706,
    "ath_date": "2021-11-25T10:04:18.534Z",
    "atl": 0.00923681,
    "atl_change_percentage": 47548.0572,
    "atl_date": "2017-10-31T00:00:00.000Z",
    "roi": {
      "times": 219.1886853895675,
      "currency": "usd",
      "percentage": 21918.86853895675
    },
    "last_updated": "2021-12-02T18:02:43.294Z"
  },
  {
    "id": "fantom",
    "symbol": "ftm",
    "name": "Fantom",
    "image": "https://assets.coingecko.com/coins/images/4001/large/Fantom.png?1558015016",
    "current_price": 2.09,
    "market_cap": 5310652685,
    "market_cap_rank": 42,
    "fully_diluted_valuation": 6635304549,
    "total_volume": 446894598,
    "high_24h": 2.26,
    "low_24h": 2.03,
    "price_change_24h": -0.15590525208,
    "price_change_percentage_24h": -6.94676,
    "market_cap_change_24h": -421091712.0828581,
    "market_cap_change_percentage_24h": -7.34666,
    "circulating_supply": 2541152731.01,
    "total_supply": 3175000000,
    "max_supply": 3175000000,
    "ath": 3.46,
    "ath_change_percentage": -39.58421,
    "ath_date": "2021-10-28T05:19:39.845Z",
    "atl": 0.00190227,
    "atl_change_percentage": 109743.75784,
    "atl_date": "2020-03-13T02:25:38.280Z",
    "roi": {
      "times": 68.612757433645,
      "currency": "usd",
      "percentage": 6861.2757433645
    },
    "last_updated": "2021-12-02T18:02:10.441Z"
  },
  {
    "id": "cdai",
    "symbol": "cdai",
    "name": "cDAI",
    "image": "https://assets.coingecko.com/coins/images/9281/large/cDAI.png?1576467585",
    "current_price": 0.02171852,
    "market_cap": 4761632458,
    "market_cap_rank": 43,
    "fully_diluted_valuation": null,
    "total_volume": 4476803,
    "high_24h": 0.02187443,
    "low_24h": 0.02149943,
    "price_change_24h": -0.000011333319,
    "price_change_percentage_24h": -0.05216,
    "market_cap_change_24h": -13957341.222593307,
    "market_cap_change_percentage_24h": -0.29226,
    "circulating_supply": 219323071478.685,
    "total_supply": 219323071478.685,
    "max_supply": null,
    "ath": 0.03159087,
    "ath_change_percentage": -31.25063,
    "ath_date": "2020-10-12T21:29:00.007Z",
    "atl": 0.00728854,
    "atl_change_percentage": 197.98162,
    "atl_date": "2020-03-18T04:29:40.819Z",
    "roi": null,
    "last_updated": "2021-12-02T17:59:29.128Z"
  },
  {
    "id": "near",
    "symbol": "near",
    "name": "Near",
    "image": "https://assets.coingecko.com/coins/images/10365/large/near_icon.png?1601359077",
    "current_price": 8.24,
    "market_cap": 4676554842,
    "market_cap_rank": 44,
    "fully_diluted_valuation": 8230326740,
    "total_volume": 118711158,
    "high_24h": 8.67,
    "low_24h": 8.08,
    "price_change_24h": -0.377074911669,
    "price_change_percentage_24h": -4.37643,
    "market_cap_change_24h": -232527549.05767155,
    "market_cap_change_percentage_24h": -4.73668,
    "circulating_supply": 568210107.595462,
    "total_supply": 1000000000,
    "max_supply": 1000000000,
    "ath": 13.2,
    "ath_change_percentage": -37.57237,
    "ath_date": "2021-10-26T13:09:48.238Z",
    "atl": 0.526762,
    "atl_change_percentage": 1464.07752,
    "atl_date": "2020-11-04T16:09:15.137Z",
    "roi": null,
    "last_updated": "2021-12-02T18:00:36.639Z"
  },
  {
    "id": "tezos",
    "symbol": "xtz",
    "name": "Tezos",
    "image": "https://assets.coingecko.com/coins/images/976/large/Tezos-logo.png?1547034862",
    "current_price": 5.17,
    "market_cap": 4489925453,
    "market_cap_rank": 45,
    "fully_diluted_valuation": null,
    "total_volume": 182003523,
    "high_24h": 5.35,
    "low_24h": 5.01,
    "price_change_24h": -0.179859478447,
    "price_change_percentage_24h": -3.36195,
    "market_cap_change_24h": -155610012.77064133,
    "market_cap_change_percentage_24h": -3.34967,
    "circulating_supply": 868458386.702559,
    "total_supply": null,
    "max_supply": null,
    "ath": 9.12,
    "ath_change_percentage": -43.28699,
    "ath_date": "2021-10-04T00:41:18.025Z",
    "atl": 0.350476,
    "atl_change_percentage": 1375.13525,
    "atl_date": "2018-12-07T00:00:00.000Z",
    "roi": {
      "times": 9.999989204121357,
      "currency": "usd",
      "percentage": 999.9989204121357
    },
    "last_updated": "2021-12-02T18:00:31.498Z"
  },
  {
    "id": "gala",
    "symbol": "gala",
    "name": "Gala",
    "image": "https://assets.coingecko.com/coins/images/12493/large/GALA-COINGECKO.png?1600233435",
    "current_price": 0.591901,
    "market_cap": 4456696907,
    "market_cap_rank": 46,
    "fully_diluted_valuation": 29543910722,
    "total_volume": 993550372,
    "high_24h": 0.669478,
    "low_24h": 0.58147,
    "price_change_24h": -0.058752186379,
    "price_change_percentage_24h": -9.02972,
    "market_cap_change_24h": -385219235.58823586,
    "market_cap_change_percentage_24h": -7.95593,
    "circulating_supply": 7542496572.319239,
    "total_supply": 36225225498.0544,
    "max_supply": 50000000000,
    "ath": 0.824837,
    "ath_change_percentage": -28.21832,
    "ath_date": "2021-11-26T01:03:48.731Z",
    "atl": 0.00013475,
    "atl_change_percentage": 439294.78983,
    "atl_date": "2020-12-28T08:46:48.367Z",
    "roi": null,
    "last_updated": "2021-12-02T18:03:25.219Z"
  },
  {
    "id": "the-graph",
    "symbol": "grt",
    "name": "The Graph",
    "image": "https://assets.coingecko.com/coins/images/13397/large/Graph_Token.png?1608145566",
    "current_price": 0.897678,
    "market_cap": 4449370726,
    "market_cap_rank": 47,
    "fully_diluted_valuation": 8976214748,
    "total_volume": 145054237,
    "high_24h": 0.941959,
    "low_24h": 0.8808,
    "price_change_24h": -0.038762242582,
    "price_change_percentage_24h": -4.13932,
    "market_cap_change_24h": -225821371.0673561,
    "market_cap_change_percentage_24h": -4.83021,
    "circulating_supply": 4956845231,
    "total_supply": 10000000000,
    "max_supply": 10000000000,
    "ath": 2.84,
    "ath_change_percentage": -68.40822,
    "ath_date": "2021-02-12T07:28:45.775Z",
    "atl": 0.103254,
    "atl_change_percentage": 769.38929,
    "atl_date": "2020-12-17T21:28:41.332Z",
    "roi": null,
    "last_updated": "2021-12-02T18:00:50.947Z"
  },
  {
    "id": "monero",
    "symbol": "xmr",
    "name": "Monero",
    "image": "https://assets.coingecko.com/coins/images/69/large/monero_logo.png?1547033729",
    "current_price": 240.03,
    "market_cap": 4331562806,
    "market_cap_rank": 48,
    "fully_diluted_valuation": null,
    "total_volume": 185946390,
    "high_24h": 240.12,
    "low_24h": 225.48,
    "price_change_24h": 4.58,
    "price_change_percentage_24h": 1.94671,
    "market_cap_change_24h": 79591818,
    "market_cap_change_percentage_24h": 1.87188,
    "circulating_supply": 18039432.811646,
    "total_supply": null,
    "max_supply": null,
    "ath": 542.33,
    "ath_change_percentage": -55.72468,
    "ath_date": "2018-01-09T00:00:00.000Z",
    "atl": 0.216177,
    "atl_change_percentage": 110974.13745,
    "atl_date": "2015-01-14T00:00:00.000Z",
    "roi": null,
    "last_updated": "2021-12-02T18:01:03.825Z"
  },
  {
    "id": "iota",
    "symbol": "miota",
    "name": "IOTA",
    "image": "https://assets.coingecko.com/coins/images/692/large/IOTA_Swirl.png?1604238557",
    "current_price": 1.54,
    "market_cap": 4286694161,
    "market_cap_rank": 49,
    "fully_diluted_valuation": null,
    "total_volume": 203170587,
    "high_24h": 1.55,
    "low_24h": 1.34,
    "price_change_24h": 0.118276,
    "price_change_percentage_24h": 8.3061,
    "market_cap_change_24h": 328750654,
    "market_cap_change_percentage_24h": 8.3061,
    "circulating_supply": 2779530283.277761,
    "total_supply": 2779530283,
    "max_supply": null,
    "ath": 5.25,
    "ath_change_percentage": -70.64647,
    "ath_date": "2017-12-19T00:00:00.000Z",
    "atl": 0.081637,
    "atl_change_percentage": 1787.25076,
    "atl_date": "2020-03-13T02:22:41.168Z",
    "roi": {
      "times": 19.337973145385327,
      "currency": "btc",
      "percentage": 1933.7973145385329
    },
    "last_updated": "2021-12-02T18:00:46.767Z"
  },
  {
    "id": "radix",
    "symbol": "xrd",
    "name": "Radix",
    "image": "https://assets.coingecko.com/coins/images/4374/large/Radix.png?1629701658",
    "current_price": 0.406236,
    "market_cap": 4019890038,
    "market_cap_rank": 50,
    "fully_diluted_valuation": 9942414138,
    "total_volume": 2849502,
    "high_24h": 0.442897,
    "low_24h": 0.388215,
    "price_change_24h": -0.015003375565,
    "price_change_percentage_24h": -3.56173,
    "market_cap_change_24h": 23320343,
    "market_cap_change_percentage_24h": 0.58351,
    "circulating_supply": 9703615196.2841,
    "total_supply": 12103615196.2841,
    "max_supply": 24000000000,
    "ath": 0.651264,
    "ath_change_percentage": -36.49926,
    "ath_date": "2021-11-14T16:09:27.130Z",
    "atl": 0.086235,
    "atl_change_percentage": 379.56856,
    "atl_date": "2021-09-13T04:50:07.104Z",
    "roi": null,
    "last_updated": "2021-12-02T18:03:22.837Z"
  }
]